{"cameraMode":{"drawMode":0,"name":"Shaded","section":"Shading Mode"},"sceneLighting":true,"audioPlay":false,"sceneViewState":{"showFog":true,"showMaterialUpdate":false,"showSkybox":true,"showFlares":true,"showImageEffects":true,"showParticleSystems":true},"in2DMode":false,"pivot":{"x":-2.852071523666382,"y":-0.8993794918060303,"z":-2.584237575531006},"rotation":{"x":-0.02567976526916027,"y":0.9707428216934204,"z":-0.20569881796836854,"w":-0.12118909507989884},"size":8.467550277709961,"orthographic":false}